[
	{
		"BaseName": "base-mobile",
		"Sub": [
			{
				"GroupType": "Module",
				"Type": 0,
				"hd": "",
				"ct": "<span><a href=\"#\"></a></span>",
				"ft": "",
				"Class": "simple-text btn",
				"func": "{'toggleBtn':{'bindNode':'.ct','targetNode':'.base-mobile','targetClass':'is-open'}}"
			},
			{
				"GroupType": "Group",
				"Type": 3,
				"Class": "info",
				"func": "",
				"Sub": [
					{
						"GroupType": "FixedModuleString",
						"Name": "Search"
					},
					{
						"GroupType": "FixedModuleString",
						"Name": "ShareBox"
					},
					{
						"GroupType": "FixedModuleString",
						"Name": "Menu",
						"func": "{'majorNavMobile':{}}"
					},
					{
						"GroupType": "FixedModuleString",
						"Name": "HotKeyWord"
					},
					{
						"GroupType": "FixedModuleString",
						"Name": "TopLink"
					},
					{
						"GroupType": "FixedModuleString",
						"Name": "FooterLink"
					}
				]
			}
		]
	},
	{
		"BaseName": "base-extend",
		"Sub": [
			{
				"GroupType": "FixedModuleString",
				"Name": "Accesskey_U"
			},
			{
				"GroupType": "Group",
				"Type": 3,
				"Class": "info",
				"func": "",
				"Sub": [
					{
						"GroupType": "FixedModuleString",
						"Name": "TopLink"
					},
					{
						"GroupType": "FixedModuleString",
						"Name": "FontLevel",
						"func": "{'fontSize':{}}"
					}
				]
			},
			{
				"GroupType": "FixedModuleString",
				"Name": "TopLog"
			},
			{
				"GroupType": "FixedModuleString",
				"Name": "MagaMenu",
				"func": "{'hud':{},'majorNavHorizontal':{},'setNavWidth':{}}"
			}
		]
	},
	{
		"BaseName": "base-header",
		"Sub": [
			{
				"GroupType": "FixedModuleString",
				"Name": "HotKeyWord"
			},
			{
				"GroupType": "FixedModuleString",
				"Name": "Search",
				"func": "{'showDataList':{}}"
			},
			{
				"GroupType": "FixedModuleString",
				"Name": "ShareBox"
			}
		]
	},
	{
		"BaseName": "base-footer",
		"Sub": [
			{
				"GroupType": "FixedModuleString",
				"Name": "Accesskey_Z"
			},
			{
				"GroupType": "Module",
				"Type": 0,
				"hd": "",
				"ct": "<span><a href=\"#\"></a></span>",
				"ft": "",
				"Class": "simple-text btn",
				"func": "{'toggleBtn':{'bindNode':'.ct','targetNode':'.base-footer .group-list.nav','targetClass':'is-close','btnOrangeText':'open','btnActiveText':'close'}}"
			},
			{
				"GroupType": "FixedModuleString",
				"Name": "Menu"
			},
			{
				"GroupType": "Group",
				"Type": 3,
				"Class": "info",
				"func": "",
				"Sub": [
					{
						"GroupType": "FixedModuleString",
						"Name": "FooterLink"
					},
					{
						"GroupType": "FixedModuleString",
						"Name": "Lastupdated"
					},
					{
						"GroupType": "FixedModuleString",
						"Name": "Footer_Visitcount"
					},
					{
						"GroupType": "FixedModuleString",
						"Name": "Footer_Info",
						"func": "{'linkToMap':{'bindClass':'.map','linkClass':'is-map'}}"
					},
					{
						"GroupType": "FixedModuleString",
						"Name": "FooterIcon"
					}
				]
			}
		]
	},
	{
		"BaseName": "page-header",
		"Sub": [
			{
				"GroupType": "Group",
				"Type": 3,
				"Class": "info",
				"func": "",
				"Sub": [
					{
						"GroupType": "FixedModuleString",
						"Name": "WebArchive_Breadcrumb"
					},
					{
						"GroupType": "FixedModuleString",
						"Name": "Tools",
						"func": "{'toggleBtn':{}}"
					},
					{
						"GroupType": "FixedModuleString",
						"Name": "WebArchive_OpenData",
						"func": "{'toggleBtn':{}}"
					}
				]
			},
			{
				"GroupType": "FixedModuleString",
				"Name": "WebArchive_Header"
			},
			{
				"GroupType": "FixedModuleString",
				"Name": "WebArchive_NextNodes"
			},
			{
				"GroupType": "FixedModuleString",
				"Name": "WebArchive_TTS"
			},
			{
				"GroupType": "FixedModuleString",
				"Name": "WebArchive_TopDesc"
			}
		]
	}
]
